{
  "model": "/Users/zereraz/models/Huihui-Qwen3.6-27B-abliterated-4.5bit-msq",
  "draft": "/Users/zereraz/models/Qwen3.6-27B-DFlash",
  "prompt_tokens": 10000,
  "prefill_step_size": 2048,
  "scenarios": "auto_b16",
  "threshold": 256,
  "pairs": 2,
  "order": [
    "q4",
    "hybrid_gdn_z_out"
  ],
  "trials": [
    {
      "variant": "q4",
      "pair": 1,
      "prefill_ms": 49927.9365,
      "wall_s": 53.50195025000721,
      "output": "benchmark/results/prefill-ab-10000-current-z-out-20260427/q4-p10000-s2048-pair1.json"
    },
    {
      "variant": "hybrid_gdn_z_out",
      "pair": 1,
      "prefill_ms": 45529.967583,
      "wall_s": 50.51345479208976,
      "output": "benchmark/results/prefill-ab-10000-current-z-out-20260427/hybrid_gdn_z_out-p10000-s2048-pair1.json"
    },
    {
      "variant": "q4",
      "pair": 2,
      "prefill_ms": 49095.579208999996,
      "wall_s": 52.68793562473729,
      "output": "benchmark/results/prefill-ab-10000-current-z-out-20260427/q4-p10000-s2048-pair2.json"
    },
    {
      "variant": "hybrid_gdn_z_out",
      "pair": 2,
      "prefill_ms": 42473.93079200001,
      "wall_s": 47.424870708957314,
      "output": "benchmark/results/prefill-ab-10000-current-z-out-20260427/hybrid_gdn_z_out-p10000-s2048-pair2.json"
    }
  ],
  "summary": {
    "q4": {
      "count": 2.0,
      "best_ms": 49095.579208999996,
      "median_ms": 49511.7578545,
      "mean_ms": 49511.7578545
    },
    "hybrid_gdn_z_out": {
      "count": 2.0,
      "best_ms": 42473.93079200001,
      "median_ms": 44001.9491875,
      "mean_ms": 44001.9491875
    }
  }
}
