{
  "model": "/Users/zereraz/models/Huihui-Qwen3.6-27B-abliterated-4.5bit-msq",
  "draft": "/Users/zereraz/models/Qwen3.6-27B-DFlash",
  "prompt_tokens": 10000,
  "prefill_step_size": 2048,
  "scenarios": "auto_b16",
  "threshold": 256,
  "pairs": 2,
  "order": [
    "q4",
    "hybrid"
  ],
  "trials": [
    {
      "variant": "q4",
      "pair": 1,
      "prefill_ms": 49901.800959,
      "wall_s": 53.724709124770015,
      "output": "benchmark/results/prefill-ab-10000-auto-current/q4-p10000-s2048-pair1.json"
    },
    {
      "variant": "hybrid",
      "pair": 1,
      "prefill_ms": 45686.542958,
      "wall_s": 50.668310792185366,
      "output": "benchmark/results/prefill-ab-10000-auto-current/hybrid-p10000-s2048-pair1.json"
    },
    {
      "variant": "q4",
      "pair": 2,
      "prefill_ms": 51363.285541000005,
      "wall_s": 55.20160870812833,
      "output": "benchmark/results/prefill-ab-10000-auto-current/q4-p10000-s2048-pair2.json"
    },
    {
      "variant": "hybrid",
      "pair": 2,
      "prefill_ms": 45767.845667,
      "wall_s": 50.73309720866382,
      "output": "benchmark/results/prefill-ab-10000-auto-current/hybrid-p10000-s2048-pair2.json"
    }
  ],
  "summary": {
    "q4": {
      "count": 2.0,
      "best_ms": 49901.800959,
      "median_ms": 50632.54325,
      "mean_ms": 50632.54325
    },
    "hybrid": {
      "count": 2.0,
      "best_ms": 45686.542958,
      "median_ms": 45727.194312499996,
      "mean_ms": 45727.194312499996
    }
  },
  "hybrid_vs_q4_median_speedup": 1.107274216388104,
  "hybrid_vs_q4_median_delta_ms": 4905.348937500006
}
