{
  "model": "/Users/zereraz/models/Huihui-Qwen3.6-27B-abliterated-4.5bit-msq",
  "draft": "/Users/zereraz/models/Qwen3.6-27B-DFlash",
  "prompt_tokens": 10000,
  "prefill_step_size": 2048,
  "scenarios": "auto_b16",
  "threshold": 256,
  "pairs": 2,
  "order": [
    "q4",
    "hybrid"
  ],
  "trials": [
    {
      "variant": "q4",
      "pair": 1,
      "prefill_ms": 47362.649208999996,
      "wall_s": 50.85331508377567,
      "output": "benchmark/results/prefill-ab-10000-auto-packed-bf16-mlp/q4-p10000-s2048-pair1.json"
    },
    {
      "variant": "hybrid",
      "pair": 1,
      "prefill_ms": 43459.250125,
      "wall_s": 48.597840290982276,
      "output": "benchmark/results/prefill-ab-10000-auto-packed-bf16-mlp/hybrid-p10000-s2048-pair1.json"
    },
    {
      "variant": "q4",
      "pair": 2,
      "prefill_ms": 48463.014375,
      "wall_s": 52.10859004082158,
      "output": "benchmark/results/prefill-ab-10000-auto-packed-bf16-mlp/q4-p10000-s2048-pair2.json"
    },
    {
      "variant": "hybrid",
      "pair": 2,
      "prefill_ms": 45860.529791,
      "wall_s": 51.487607582937926,
      "output": "benchmark/results/prefill-ab-10000-auto-packed-bf16-mlp/hybrid-p10000-s2048-pair2.json"
    }
  ],
  "summary": {
    "q4": {
      "count": 2.0,
      "best_ms": 47362.649208999996,
      "median_ms": 47912.831792,
      "mean_ms": 47912.831792
    },
    "hybrid": {
      "count": 2.0,
      "best_ms": 43459.250125,
      "median_ms": 44659.889958,
      "mean_ms": 44659.889958
    }
  },
  "hybrid_vs_q4_median_speedup": 1.0728381067902137,
  "hybrid_vs_q4_median_delta_ms": 3252.9418339999975
}
