{
  "model": "/Users/zereraz/models/Huihui-Qwen3.6-27B-abliterated-4.5bit-msq",
  "draft": "/Users/zereraz/models/Qwen3.6-27B-DFlash",
  "prompt_tokens": 10000,
  "prefill_step_size": 2048,
  "scenarios": "auto_b16",
  "threshold": 256,
  "pairs": 2,
  "order": [
    "q4",
    "hybrid_gdn_qkv_z_out"
  ],
  "trials": [
    {
      "variant": "q4",
      "pair": 1,
      "prefill_ms": 47912.918625,
      "wall_s": 51.37992970785126,
      "output": "benchmark/results/prefill-ab-10000-current-qkv-z-out-20260427/q4-p10000-s2048-pair1.json"
    },
    {
      "variant": "hybrid_gdn_qkv_z_out",
      "pair": 1,
      "prefill_ms": 42854.548375,
      "wall_s": 47.848881958052516,
      "output": "benchmark/results/prefill-ab-10000-current-qkv-z-out-20260427/hybrid_gdn_qkv_z_out-p10000-s2048-pair1.json"
    },
    {
      "variant": "q4",
      "pair": 2,
      "prefill_ms": 47576.175084,
      "wall_s": 51.147333334200084,
      "output": "benchmark/results/prefill-ab-10000-current-qkv-z-out-20260427/q4-p10000-s2048-pair2.json"
    },
    {
      "variant": "hybrid_gdn_qkv_z_out",
      "pair": 2,
      "prefill_ms": 41946.489375,
      "wall_s": 46.93750387523323,
      "output": "benchmark/results/prefill-ab-10000-current-qkv-z-out-20260427/hybrid_gdn_qkv_z_out-p10000-s2048-pair2.json"
    }
  ],
  "summary": {
    "q4": {
      "count": 2.0,
      "best_ms": 47576.175084,
      "median_ms": 47744.546854500004,
      "mean_ms": 47744.546854500004
    },
    "hybrid_gdn_qkv_z_out": {
      "count": 2.0,
      "best_ms": 41946.489375,
      "median_ms": 42400.518874999994,
      "mean_ms": 42400.518874999994
    }
  }
}
