{
  "model": "/Users/zereraz/models/Huihui-Qwen3.6-27B-abliterated-4.5bit-msq",
  "draft": "/Users/zereraz/models/Qwen3.6-27B-DFlash",
  "prompt_tokens": 10000,
  "prefill_step_size": 2048,
  "threshold": 256,
  "pairs": 2,
  "order": [
    "hybrid",
    "hybrid_gdn"
  ],
  "trials": [
    {
      "variant": "hybrid",
      "pair": 1,
      "prefill_ms": 49531.279958,
      "wall_s": 55.03922037500888,
      "output": "benchmark/results/prefill-ab-10000-hybrid-gdn/hybrid-p10000-s2048-pair1.json"
    },
    {
      "variant": "hybrid_gdn",
      "pair": 1,
      "prefill_ms": 48331.988625,
      "wall_s": 54.05075704213232,
      "output": "benchmark/results/prefill-ab-10000-hybrid-gdn/hybrid_gdn-p10000-s2048-pair1.json"
    },
    {
      "variant": "hybrid",
      "pair": 2,
      "prefill_ms": 46169.817707999995,
      "wall_s": 51.15298608271405,
      "output": "benchmark/results/prefill-ab-10000-hybrid-gdn/hybrid-p10000-s2048-pair2.json"
    },
    {
      "variant": "hybrid_gdn",
      "pair": 2,
      "prefill_ms": 47314.263417,
      "wall_s": 52.47858437523246,
      "output": "benchmark/results/prefill-ab-10000-hybrid-gdn/hybrid_gdn-p10000-s2048-pair2.json"
    }
  ],
  "summary": {
    "hybrid": {
      "count": 2.0,
      "best_ms": 46169.817707999995,
      "median_ms": 47850.54883299999,
      "mean_ms": 47850.54883299999
    },
    "hybrid_gdn": {
      "count": 2.0,
      "best_ms": 47314.263417,
      "median_ms": 47823.126021000004,
      "mean_ms": 47823.126021000004
    }
  },
  "hybrid_gdn_vs_hybrid_median_speedup": 1.0005734215698896,
  "hybrid_gdn_vs_hybrid_median_delta_ms": 27.42281199998979
}
