{
  "model": "/Users/zereraz/models/Huihui-Qwen3.6-27B-abliterated-4.5bit-msq",
  "draft": "/Users/zereraz/models/Qwen3.6-27B-DFlash",
  "prompt_tokens": 10000,
  "prefill_step_size": 2048,
  "threshold": 256,
  "pairs": 1,
  "order": [
    "q4",
    "hybrid"
  ],
  "trials": [
    {
      "variant": "q4",
      "pair": 1,
      "prefill_ms": 51095.244957999996,
      "wall_s": 55.16563208261505,
      "output": "benchmark/results/prefill-ab-10000-q4-first/q4-p10000-s2048-pair1.json"
    },
    {
      "variant": "hybrid",
      "pair": 1,
      "prefill_ms": 47514.170625,
      "wall_s": 52.52273933310062,
      "output": "benchmark/results/prefill-ab-10000-q4-first/hybrid-p10000-s2048-pair1.json"
    }
  ],
  "summary": {
    "q4": {
      "count": 1.0,
      "best_ms": 51095.244957999996,
      "median_ms": 51095.244957999996,
      "mean_ms": 51095.244957999996
    },
    "hybrid": {
      "count": 1.0,
      "best_ms": 47514.170625,
      "median_ms": 47514.170625,
      "mean_ms": 47514.170625
    }
  },
  "hybrid_vs_q4_median_speedup": 1.0753685539681037,
  "hybrid_vs_q4_median_delta_ms": 3581.074332999997
}
