{
  "model": "/Users/zereraz/models/Huihui-Qwen3.6-27B-abliterated-4.5bit-msq",
  "layer": 3,
  "m_values": [
    64,
    128,
    256,
    512,
    1024,
    2048
  ],
  "repeats": 3,
  "warmup": 1,
  "memory_config": {
    "metal": true,
    "wired_limit": 115448725504,
    "cache_fraction": 0.25,
    "device_name": "Apple M3 Max",
    "architecture": "applegpu_g15s"
  },
  "target_meta": {
    "resolved_model_ref": "/Users/zereraz/models/Huihui-Qwen3.6-27B-abliterated-4.5bit-msq",
    "quantize_kv_cache": false,
    "kv_cache_bits": 8,
    "kv_cache_group_size": 64,
    "target_family": "hybrid_gdn"
  },
  "rows": {
    "q_proj": {
      "input_width": 5120,
      "weight_nbytes": 125829120,
      "rows": [
        {
          "tokens": 64,
          "q4": {
            "best_ms": 1.379458,
            "median_ms": 1.432333,
            "times_ms": [
              1.432333,
              1.438959,
              1.379458
            ]
          },
          "bf16": {
            "best_ms": 1.346208,
            "median_ms": 1.413625,
            "times_ms": [
              1.527084,
              1.413625,
              1.346208
            ]
          },
          "speedup_best": 1.0246990063942572,
          "speedup_median": 1.013234061367053
        },
        {
          "tokens": 128,
          "q4": {
            "best_ms": 2.337916,
            "median_ms": 2.421625,
            "times_ms": [
              2.421625,
              2.479666,
              2.337916
            ]
          },
          "bf16": {
            "best_ms": 1.833292,
            "median_ms": 1.843416,
            "times_ms": [
              1.843416,
              1.871167,
              1.833292
            ]
          },
          "speedup_best": 1.2752556603094325,
          "speedup_median": 1.3136617019706893
        },
        {
          "tokens": 256,
          "q4": {
            "best_ms": 3.214084,
            "median_ms": 3.24575,
            "times_ms": [
              3.24575,
              3.249833,
              3.214084
            ]
          },
          "bf16": {
            "best_ms": 2.947042,
            "median_ms": 3.052875,
            "times_ms": [
              3.052875,
              3.141584,
              2.947042
            ]
          },
          "speedup_best": 1.0906135711672924,
          "speedup_median": 1.0631781517422103
        },
        {
          "tokens": 512,
          "q4": {
            "best_ms": 5.906292,
            "median_ms": 5.9075,
            "times_ms": [
              6.132583,
              5.9075,
              5.906292
            ]
          },
          "bf16": {
            "best_ms": 5.35225,
            "median_ms": 5.365917,
            "times_ms": [
              5.369375,
              5.365917,
              5.35225
            ]
          },
          "speedup_best": 1.1035157176888224,
          "speedup_median": 1.100930185837761
        },
        {
          "tokens": 1024,
          "q4": {
            "best_ms": 11.561792,
            "median_ms": 12.091208,
            "times_ms": [
              12.227458,
              12.091208,
              11.561792
            ]
          },
          "bf16": {
            "best_ms": 10.201042,
            "median_ms": 10.205459,
            "times_ms": [
              10.205459,
              10.201042,
              10.228583
            ]
          },
          "speedup_best": 1.1333932357106264,
          "speedup_median": 1.1847784602338807
        },
        {
          "tokens": 2048,
          "q4": {
            "best_ms": 22.727917,
            "median_ms": 22.741125,
            "times_ms": [
              24.526417,
              22.741125,
              22.727917
            ]
          },
          "bf16": {
            "best_ms": 20.075084,
            "median_ms": 20.256875,
            "times_ms": [
              20.075084,
              20.256875,
              20.814541
            ]
          },
          "speedup_best": 1.1321455491792711,
          "speedup_median": 1.1226373761994384
        }
      ]
    },
    "k_proj": {
      "input_width": 5120,
      "weight_nbytes": 10485760,
      "rows": [
        {
          "tokens": 64,
          "q4": {
            "best_ms": 0.268,
            "median_ms": 0.291209,
            "times_ms": [
              0.291209,
              0.374125,
              0.268
            ]
          },
          "bf16": {
            "best_ms": 0.260625,
            "median_ms": 0.260916,
            "times_ms": [
              0.302375,
              0.260625,
              0.260916
            ]
          },
          "speedup_best": 1.0282973621103118,
          "speedup_median": 1.1161025004215916
        },
        {
          "tokens": 128,
          "q4": {
            "best_ms": 0.336791,
            "median_ms": 0.337375,
            "times_ms": [
              0.337375,
              0.338667,
              0.336791
            ]
          },
          "bf16": {
            "best_ms": 0.329417,
            "median_ms": 0.333958,
            "times_ms": [
              0.3465,
              0.329417,
              0.333958
            ]
          },
          "speedup_best": 1.0223850013812281,
          "speedup_median": 1.0102318255589027
        },
        {
          "tokens": 256,
          "q4": {
            "best_ms": 0.456083,
            "median_ms": 0.459791,
            "times_ms": [
              0.487583,
              0.456083,
              0.459791
            ]
          },
          "bf16": {
            "best_ms": 0.448625,
            "median_ms": 0.451166,
            "times_ms": [
              0.448625,
              0.452875,
              0.451166
            ]
          },
          "speedup_best": 1.016624129283923,
          "speedup_median": 1.0191171320533905
        },
        {
          "tokens": 512,
          "q4": {
            "best_ms": 0.757792,
            "median_ms": 0.7685,
            "times_ms": [
              0.7685,
              0.825208,
              0.757792
            ]
          },
          "bf16": {
            "best_ms": 0.717667,
            "median_ms": 0.778459,
            "times_ms": [
              0.796541,
              0.717667,
              0.778459
            ]
          },
          "speedup_best": 1.0559103316719314,
          "speedup_median": 0.9872067764647848
        },
        {
          "tokens": 1024,
          "q4": {
            "best_ms": 1.246333,
            "median_ms": 1.273875,
            "times_ms": [
              1.273875,
              1.295208,
              1.246333
            ]
          },
          "bf16": {
            "best_ms": 1.212333,
            "median_ms": 1.21825,
            "times_ms": [
              1.239375,
              1.21825,
              1.212333
            ]
          },
          "speedup_best": 1.0280450998199337,
          "speedup_median": 1.045659757849374
        },
        {
          "tokens": 2048,
          "q4": {
            "best_ms": 2.214625,
            "median_ms": 2.217333,
            "times_ms": [
              2.219416,
              2.214625,
              2.217333
            ]
          },
          "bf16": {
            "best_ms": 1.976709,
            "median_ms": 2.011875,
            "times_ms": [
              2.011875,
              2.113666,
              1.976709
            ]
          },
          "speedup_best": 1.1203596482840923,
          "speedup_median": 1.1021226467847158
        }
      ]
    },
    "v_proj": {
      "input_width": 5120,
      "weight_nbytes": 10485760,
      "rows": [
        {
          "tokens": 64,
          "q4": {
            "best_ms": 0.276541,
            "median_ms": 0.276917,
            "times_ms": [
              0.276917,
              0.287375,
              0.276541
            ]
          },
          "bf16": {
            "best_ms": 0.25225,
            "median_ms": 0.254917,