{
  "model": "/Users/zereraz/models/Huihui-Qwen3.6-27B-abliterated-4.5bit-msq",
  "draft": "/Users/zereraz/models/Qwen3.6-27B-DFlash",
  "prompt_tokens": 4096,
  "max_tokens": 32,
  "prefill_step_size": 2048,
  "block_tokens": 16,
  "kv_cache_group_size": 64,
  "variants": [
    "default",
    "fp_no_split",
    "q8",
    "q4",
    "q2"
  ],
  "elapsed_s": 116.72526116576046,
  "rows": [
    {
      "name": "default",
      "prefill_ms": 20997.24575,
      "elapsed_ms": 22544.422792,
      "decode_tps": 20.68283016831374,
      "acceptance_ratio": 0.71875,
      "draft_acceptance_ratio": 0.2804878048780488,
      "tokens_per_cycle": 3.5555555555555554,
      "cycles": 9,
      "generated_token_ids": [
        18922,
        271,
        248068,
        198,
        8160,
        579,
        264,
        7047,
        1817,
        25,
        271,
        16,
        13,
        220,
        2972,
        2014,
        53983,
        2570,
        5396,
        64700,
        198,
        256,
        471,
        561,
        1156,
        682,
        11173,
        279,
        4581,
        1788,
        9640,
        220
      ],
      "generated_text": " identical\n\n<think>\nHere's a thinking process:\n\n1.  **Analyze User Input:**\n   - The user has repeated the exact same prompt ",
      "quantize_kv_cache": false,
      "kv_cache_bits": 8,
      "kv_cache_group_size": 64
    },
    {
      "name": "fp_no_split",
      "prefill_ms": 22835.398875,
      "elapsed_ms": 24391.906,
      "decode_tps": 20.558852244251693,
      "acceptance_ratio": 0.71875,
      "draft_acceptance_ratio": 0.2804878048780488,
      "tokens_per_cycle": 3.5555555555555554,
      "cycles": 9,
      "generated_token_ids": [
        18922,
        271,
        248068,
        198,
        8160,
        579,
        264,
        7047,
        1817,
        25,
        271,
        16,
        13,
        220,
        2972,
        2014,
        53983,
        2570,
        5396,
        64700,
        198,
        256,
        471,
        561,
        1156,
        682,
        11173,
        279,
        4581,
        1788,
        9640,
        220
      ],
      "generated_text": " identical\n\n<think>\nHere's a thinking process:\n\n1.  **Analyze User Input:**\n   - The user has repeated the exact same prompt ",
      "quantize_kv_cache": false,
      "kv_cache_bits": 8,
      "kv_cache_group_size": 64,
      "common_prefix_vs_default": 32,
      "token_match_ratio_vs_default": 1.0
    },
    {
      "name": "q8",
      "prefill_ms": 22566.433125,
      "elapsed_ms": 24001.528125,
      "decode_tps": 22.29817538211756,
      "acceptance_ratio": 0.75,
      "draft_acceptance_ratio": 0.3333333333333333,
      "tokens_per_cycle": 4.0,
      "cycles": 8,
      "generated_token_ids": [
        271,
        248068,
        198,
        8160,
        579,
        264,
        7047,
        1817,
        25,
        271,
        16,
        13,
        220,
        2972,
        2014,
        53983,
        2570,
        5396,
        64700,
        198,
        256,
        471,
        561,
        1156,
        682,
        11173,
        279,
        4581,
        1788,
        9640,
        220,
        16
      ],
      "generated_text": "\n\n<think>\nHere's a thinking process:\n\n1.  **Analyze User Input:**\n   - The user has repeated the exact same prompt 1",
      "quantize_kv_cache": true,
      "kv_cache_bits": 8,
      "kv_cache_group_size": 64,
      "common_prefix_vs_default": 0,
      "token_match_ratio_vs_default": 0.0,
      "common_prefix_vs_fp_no_split": 0,
      "token_match_ratio_vs_fp_no_split": 0.0
    },
    {
      "name": "q4",
      "prefill_ms": 21584.383792,
      "elapsed_ms": 23021.967208000002,
      "decode_tps": 22.25957787481876,
      "acceptance_ratio": 0.75,
      "draft_acceptance_ratio": 0.3333333333333333,
      "tokens_per_cycle": 4.0,
      "cycles": 8,
      "generated_token_ids": [
        271,
        248068,
        198,
        8160,
        579,
        264,
        7047,
        1817,
        25,
        271,
        16,
        13,
        220,
        2972,
        2014,
        53983,
        2570,
        5396,
        64700,
        198,
        256,
        471,
        561,
        1156,
        682,
        11173,
        279,
        4581,
        1788,
        9640,
        220,
        16
      ],
      "generated_text": "\n\n<think>\nHere's a thinking process:\n\n1.  **Analyze User Input:**\n   - The user has repeated the exact same prompt 1",
      "quantize_kv_cache": true,
      "kv_cache_bits": 4,
      "kv_cache_group_size": 64,
      "common_prefix_vs_default": 0,
      "token_match_ratio_vs_default": 0.0,
      "common_prefix_vs_fp_no_split": 0,
      "token_match_ratio_vs_fp_no_split": 0.0
    },
    {
      "name": "q2",
      "prefill_ms": 21074.701791,
      "elapsed_ms": 22650.760209,
      "decode_tps": 20.303815921117746,
      "acceptance_ratio": 0.71875,
      "draft_acceptance_ratio": 0.27058823529411763,
      "tokens_per_cycle": 3.5555555555555554,
      "cycles": 9,
      "generated_token_ids": [
        279,
        271,
        248068,
        198,
        8160,
        579,
        264,
        7047,
        1817,
        25,
        271,
        16,
        13,
        220,
        2972,
        2014,
        53983,
        2570,
        5396,
        64700,
        198,
        256,
        471,
        561,
        1156,
        682,
        3162,
        290,
        279,
        4581,
        1788,
        11316
      ],
      "generated_text": " the\n\n<think>\nHere's a thinking process:\n\n1.  **Analyze User Input:**\n   - The user has pasted the exact same sentence",
      "quantize_kv_cache": true,
      "kv_cache_bits": 2,
      "kv_cache_group_size": 64,
      "common_prefix_vs_default": 0,
      "token_match_ratio_vs_default": 0.0,
      "common_prefix_vs_fp_no_split": 0,
      "token_match_ratio_vs_fp_no_split": 0.0
    }
  ]
}
