{
  "model": "/Users/zereraz/models/Huihui-Qwen3.6-27B-abliterated-4.5bit-msq",
  "draft": "/Users/zereraz/models/Qwen3.6-27B-DFlash",
  "prompt_tokens": 1024,
  "max_tokens": 48,
  "prefill_step_size": 2048,
  "block_tokens": 16,
  "kv_cache_group_size": 64,
  "variants": [
    "default",
    "fp_no_split",
    "q8",
    "q4",
    "q2"
  ],
  "elapsed_s": 31.32233799993992,
  "rows": [
    {
      "name": "default",
      "prefill_ms": 4815.831166,
      "elapsed_ms": 6524.59725,
      "decode_tps": 28.090445175291766,
      "acceptance_ratio": 0.8333333333333334,
      "draft_acceptance_ratio": 0.37037037037037035,
      "tokens_per_cycle": 6.0,
      "cycles": 8,
      "generated_token_ids": [
        271,
        248068,
        198,
        8160,
        579,
        264,
        7047,
        1817,
        25,
        271,
        16,
        13,
        220,
        2972,
        2014,
        53983,
        2570,
        5396,
        64700,
        198,
        256,
        471,
        561,
        1156,
        682,
        11173,
        279,
        4581,
        1788,
        9640,
        220,
        19,
        15,
        2942,
        25,
        328,
        2523,
        513,
        32767,
        264,
        1248,
        10505,
        10125,
        13,
        79091,
        279,
        4222,
        9584
      ],
      "generated_text": "\n\n<think>\nHere's a thinking process:\n\n1.  **Analyze User Input:**\n   - The user has repeated the exact same prompt 40 times: \"You are reviewing a long coding conversation. Explain the likely bug",
      "quantize_kv_cache": false,
      "kv_cache_bits": 8,
      "kv_cache_group_size": 64
    },
    {
      "name": "fp_no_split",
      "prefill_ms": 4681.541375,
      "elapsed_ms": 5952.790917,
      "decode_tps": 37.758125697716075,
      "acceptance_ratio": 0.8333333333333334,
      "draft_acceptance_ratio": 0.37037037037037035,
      "tokens_per_cycle": 6.0,
      "cycles": 8,
      "generated_token_ids": [
        271,
        248068,
        198,
        8160,
        579,
        264,
        7047,
        1817,
        25,
        271,
        16,
        13,
        220,
        2972,
        2014,
        53983,
        2570,
        5396,
        64700,
        198,
        256,
        471,
        561,
        1156,
        682,
        11173,
        279,
        4581,
        1788,
        9640,
        220,
        19,
        15,
        2942,
        25,
        328,
        2523,
        513,
        32767,
        264,
        1248,
        10505,
        10125,
        13,
        79091,
        279,
        4222,
        9584
      ],
      "generated_text": "\n\n<think>\nHere's a thinking process:\n\n1.  **Analyze User Input:**\n   - The user has repeated the exact same prompt 40 times: \"You are reviewing a long coding conversation. Explain the likely bug",
      "quantize_kv_cache": false,
      "kv_cache_bits": 8,
      "kv_cache_group_size": 64,
      "common_prefix_vs_default": 48,
      "token_match_ratio_vs_default": 1.0
    },
    {
      "name": "q8",
      "prefill_ms": 4692.841082999999,
      "elapsed_ms": 5953.712833,
      "decode_tps": 38.0688995530275,
      "acceptance_ratio": 0.8333333333333334,
      "draft_acceptance_ratio": 0.37037037037037035,
      "tokens_per_cycle": 6.0,
      "cycles": 8,
      "generated_token_ids": [
        271,
        248068,
        198,
        8160,
        579,
        264,
        7047,
        1817,
        25,
        271,
        16,
        13,
        220,
        2972,
        2014,
        53983,
        2570,
        5396,
        64700,
        198,
        256,
        471,
        561,
        1156,
        682,
        11173,
        279,
        4581,
        1788,
        9640,
        220,
        19,
        15,
        2942,
        25,
        328,
        2523,
        513,
        32767,
        264,
        1248,
        10505,
        10125,
        13,
        79091,
        279,
        4222,
        9584
      ],
      "generated_text": "\n\n<think>\nHere's a thinking process:\n\n1.  **Analyze User Input:**\n   - The user has repeated the exact same prompt 40 times: \"You are reviewing a long coding conversation. Explain the likely bug",
      "quantize_kv_cache": true,
      "kv_cache_bits": 8,
      "kv_cache_group_size": 64,
      "common_prefix_vs_default": 48,
      "token_match_ratio_vs_default": 1.0,
      "common_prefix_vs_fp_no_split": 48,
      "token_match_ratio_vs_fp_no_split": 1.0
    },
    {
      "name": "q4",
      "prefill_ms": 4908.774542,
      "elapsed_ms": 6170.920958,
      "decode_tps": 38.030453037391524,
      "acceptance_ratio": 0.8333333333333334,
      "draft_acceptance_ratio": 0.37037037037037035,
      "tokens_per_cycle": 6.0,
      "cycles": 8,
      "generated_token_ids": [
        271,
        248068,
        198,
        8160,
        579,
        264,
        7047,
        1817,
        25,
        271,
        16,
        13,
        220,
        2972,
        2014,
        53983,
        2570,
        5396,
        64700,
        198,
        256,
        471,
        561,
        1156,
        682,
        11173,
        279,
        4581,
        1788,
        9640,
        220,
        19,
        15,
        2942,
        25,
        328,
        2523,
        513,
        32767,
        264,
        1248,
        10505,
        10125,
        13,
        79091,
        279,
        4222,
        9584
      ],
      "generated_text": "\n\n<think>\nHere's a thinking process:\n\n1.  **Analyze User Input:**\n   - The user has repeated the exact same prompt 40 times: \"You are reviewing a long coding conversation. Explain the likely bug",
      "quantize_kv_cache": true,
      "kv_cache_bits": 4,
      "kv_cache_group_size": 64,
      "common_prefix_vs_default": 48,
      "token_match_ratio_vs_default": 1.0,
      "common_prefix_vs_fp_no_split": 48,
      "token_match_ratio_vs_fp_no_split": 1.0
    },
    {
      "name": "q2",
      "prefill_ms": 5313.59925,
      "elapsed_ms": 6656.7955,
      "decode_tps": 35.73565664734397,
      "acceptance_ratio": 0.8333333333333334,
      "draft_acceptance_ratio": 0.38095238095238093,
      "tokens_per_cycle": 6.0,
      "cycles": 8,
      "generated_token_ids": [
        271,
        248068,
        198,
        8160,
        579,
        264,
        7047,
        1817,
        25,
        271,
        16,
        13,
        220,
        2972,
        2014,
        53983,
        2570,
        5396,
        64700,
        198,
        256,
        471,
        561,
        1156,
        682,
        11173,
        279,
        4581,
        1788,
        9640,
        220,
        19,
        15,
        2942,
        25,
        328,
        2523,
        513,
        32767,
        264,
        1248,
        10505,
        10125,
        13,
        79091,
        279,
        4222,
        9584
      ],
      "generated_text": "\n\n<think>\nHere's a thinking process:\n\n1.  **Analyze User Input:**\n   - The user has repeated the exact same prompt 40 times: \"You are reviewing a long coding conversation. Explain the likely bug",
      "quantize_kv_cache": true,
      "kv_cache_bits": 2,
      "kv_cache_group_size": 64,
      "common_prefix_vs_default": 48,
      "token_match_ratio_vs_default": 1.0,
      "common_prefix_vs_fp_no_split": 48,
      "token_match_ratio_vs_fp_no_split": 1.0
    }
  ]
}
