{
  "model": "/Users/zereraz/models/Huihui-Qwen3.6-27B-abliterated-4.5bit-msq",
  "draft": "/Users/zereraz/models/Qwen3.6-27B-DFlash",
  "prompt_tokens": 2000,
  "max_tokens": 32,
  "prefill_step_size": 2048,
  "block_tokens": 16,
  "hybrid_mlp": true,
  "hybrid_mlp_threshold": 128,
  "hybrid_gdn_linear": true,
  "hybrid_gdn_linear_threshold": 128,
  "hybrid_gdn_linear_attrs": "in_proj_qkv,in_proj_z,out_proj",
  "kv_cache_group_size": 64,
  "variants": [
    "default",
    "fp_no_split",
    "q8",
    "q4",
    "q2"
  ],
  "elapsed_s": 52.27500629192218,
  "rows": [
    {
      "name": "default",
      "prefill_ms": 8373.599583,
      "elapsed_ms": 9486.760334,
      "decode_tps": 28.746971155112142,
      "acceptance_ratio": 0.78125,
      "draft_acceptance_ratio": 0.36231884057971014,
      "tokens_per_cycle": 4.571428571428571,
      "cycles": 7,
      "generated_token_ids": [
        13,
        198,
        2523,
        513,
        32767,
        271,
        248068,
        198,
        8160,
        579,
        264,
        7047,
        1817,
        25,
        271,
        16,
        13,
        220,
        2972,
        2014,
        53983,
        2570,
        5396,
        64700,
        198,
        256,
        471,
        561,
        1156,
        682,
        11173,
        279
      ],
      "generated_text": ".\nYou are reviewing\n\n<think>\nHere's a thinking process:\n\n1.  **Analyze User Input:**\n   - The user has repeated the",
      "quantize_kv_cache": false,
      "kv_cache_bits": 8,
      "kv_cache_group_size": 64
    },
    {
      "name": "fp_no_split",
      "prefill_ms": 8301.8275,
      "elapsed_ms": 9216.492792,
      "decode_tps": 34.985475320736256,
      "acceptance_ratio": 0.8125,
      "draft_acceptance_ratio": 0.3880597014925373,
      "tokens_per_cycle": 5.333333333333333,
      "cycles": 6,
      "generated_token_ids": [
        13,
        198,
        2523,
        513,
        32767,
        264,
        271,
        248068,
        198,
        8160,
        579,
        264,
        7047,
        1817,
        25,
        271,
        16,
        13,
        220,
        2972,
        2014,
        53983,
        2570,
        5396,
        64700,
        198,
        256,
        471,
        561,
        1156,
        682,
        11173
      ],
      "generated_text": ".\nYou are reviewing a\n\n<think>\nHere's a thinking process:\n\n1.  **Analyze User Input:**\n   - The user has repeated",
      "quantize_kv_cache": false,
      "kv_cache_bits": 8,
      "kv_cache_group_size": 64,
      "common_prefix_vs_default": 5,
      "token_match_ratio_vs_default": 0.15625
    },
    {
      "name": "q8",
      "prefill_ms": 8366.521292000001,
      "elapsed_ms": 10785.36975,
      "decode_tps": 13.229435640816819,
      "acceptance_ratio": 0.5625,
      "draft_acceptance_ratio": 0.10344827586206896,
      "tokens_per_cycle": 2.2857142857142856,
      "cycles": 14,
      "generated_token_ids": [
        13,
        198,
        2523,
        513,
        32767,
        264,
        271,
        248068,
        271,
        248069,
        271,
        2064,
        7701,
        279,
        1879,
        16661,
        314,
        264,
        11173,
        7359,
        1973,
        279,
        4880,
        10505,
        10125,
        466,
        1970,
        41643,
        310,
        3286,
        13,
        271
      ],
      "generated_text": ".\nYou are reviewing a\n\n<think>\n\n</think>\n\nIt appears the input consists of a repeated instruction without the actual coding conversation or code snippet to review.\n\n",
      "quantize_kv_cache": true,
      "kv_cache_bits": 8,
      "kv_cache_group_size": 64,
      "common_prefix_vs_default": 5,
      "token_match_ratio_vs_default": 0.15625,
      "common_prefix_vs_fp_no_split": 8,
      "token_match_ratio_vs_fp_no_split": 0.25
    },
    {
      "name": "q4",
      "prefill_ms": 9197.313916,
      "elapsed_ms": 12072.799875,
      "decode_tps": 11.128553731880697,
      "acceptance_ratio": 0.5,
      "draft_acceptance_ratio": 0.0855614973262032,
      "tokens_per_cycle": 2.0,
      "cycles": 16,
      "generated_token_ids": [
        13,
        198,
        2523,
        513,
        32767,
        264,
        1248,
        271,
        248068,
        271,
        248069,
        271,
        2064,
        7701,
        421,
        279,
        1879,
        16661,
        314,
        264,
        11173,
        7359,
        1973,
        279,
        4880,
        10505,
        10125,
        466,
        1970,
        41643,
        310,
        3286
      ],
      "generated_text": ".\nYou are reviewing a long\n\n<think>\n\n</think>\n\nIt appears that the input consists of a repeated instruction without the actual coding conversation or code snippet to review",
      "quantize_kv_cache": true,
      "kv_cache_bits": 4,
      "kv_cache_group_size": 64,
      "common_prefix_vs_default": 5,
      "token_match_ratio_vs_default": 0.15625,
      "common_prefix_vs_fp_no_split": 6,
      "token_match_ratio_vs_fp_no_split": 0.1875
    },
    {
      "name": "q2",
      "prefill_ms": 9405.362,
      "elapsed_ms": 10637.5945,
      "decode_tps": 25.969125144808302,
      "acceptance_ratio": 0.78125,
      "draft_acceptance_ratio": 0.30120481927710846,
      "tokens_per_cycle": 4.571428571428571,
      "cycles": 7,
      "generated_token_ids": [
        13,
        198,
        2523,
        513,
        32767,
        271,
        248068,
        198,
        8160,
        579,
        264,
        7047,
        1817,
        25,
        271,
        16,
        13,
        220,
        2972,
        2014,
        53983,
        2570,
        5396,
        64700,
        198,
        256,
        471,
        561,
        1156,
        682,
        11173,
        279
      ],
      "generated_text": ".\nYou are reviewing\n\n<think>\nHere's a thinking process:\n\n1.  **Analyze User Input:**\n   - The user has repeated the",
      "quantize_kv_cache": true,
      "kv_cache_bits": 2,
      "kv_cache_group_size": 64,
      "common_prefix_vs_default": 32,
      "token_match_ratio_vs_default": 1.0,
      "common_prefix_vs_fp_no_split": 5,
      "token_match_ratio_vs_fp_no_split": 0.15625
    }
  ]
}
